can_depnum,can_story,can_loc,can_closure
130381,Midstory,Mic,1
130381,Midstory,Q1,1
130381,Midstory,Q2,1
130381,Midstory,Q3,1
130381,Midstory,Q4,2
130381,Canopy,Mic,1
130381,Canopy,Q1,1
130381,Canopy,Q2,3
130381,Canopy,Q3,1
130381,Canopy,Q4,1
130382,Midstory,Mic,1
130382,Midstory,Q1,1
130382,Midstory,Q2,1
130382,Midstory,Q3,1
130382,Midstory,Q4,1
130382,Canopy,Mic,2
130382,Canopy,Q1,2
130382,Canopy,Q2,1
130382,Canopy,Q3,1
130382,Canopy,Q4,2
131261,Midstory,Mic,1
131261,Midstory,Q1,3
131261,Midstory,Q2,1
131261,Midstory,Q3,5
131261,Midstory,Q4,1
131261,Canopy,Mic,2
131261,Canopy,Q1,3
131261,Canopy,Q2,2
131261,Canopy,Q3,4
131261,Canopy,Q4,1
131262,Midstory,Mic,1
131262,Midstory,Q1,2
131262,Midstory,Q2,4
131262,Midstory,Q3,3
131262,Midstory,Q4,4
131262,Canopy,Mic,1
131262,Canopy,Q1,2
131262,Canopy,Q2,5
131262,Canopy,Q3,1
131262,Canopy,Q4,2
131461,Midstory,Mic,1
131461,Midstory,Q1,2
131461,Midstory,Q2,2
131461,Midstory,Q3,2
131461,Midstory,Q4,1
131461,Canopy,Mic,2
131461,Canopy,Q1,2
131461,Canopy,Q2,4
131461,Canopy,Q3,4
131461,Canopy,Q4,4
131462,Midstory,Mic,1
131462,Midstory,Q1,3
131462,Midstory,Q2,2
131462,Midstory,Q3,2
131462,Midstory,Q4,2
131462,Canopy,Mic,3
131462,Canopy,Q1,4
131462,Canopy,Q2,2
131462,Canopy,Q3,1
131462,Canopy,Q4,5
132542,Midstory,Mic,1
132542,Midstory,Q1,3
132542,Midstory,Q2,4
132542,Midstory,Q3,2
132542,Midstory,Q4,3
132542,Canopy,Mic,1
132542,Canopy,Q1,4
132542,Canopy,Q2,5
132542,Canopy,Q3,2
132542,Canopy,Q4,3
132541,Midstory,Mic,1
132541,Midstory,Q1,2
132541,Midstory,Q2,2
132541,Midstory,Q3,2
132541,Midstory,Q4,2
132541,Canopy,Mic,2
132541,Canopy,Q1,2
132541,Canopy,Q2,2
132541,Canopy,Q3,3
132541,Canopy,Q4,4
132101,Midstory,Mic,1
132101,Midstory,Q1,5
132101,Midstory,Q2,2
132101,Midstory,Q3,4
132101,Midstory,Q4,1
132101,Canopy,Mic,2
132101,Canopy,Q1,5
132101,Canopy,Q2,4
132101,Canopy,Q3,5
132101,Canopy,Q4,1
132102,Midstory,Mic,1
132102,Midstory,Q1,1
132102,Midstory,Q2,2
132102,Midstory,Q3,2
132102,Midstory,Q4,1
132102,Canopy,Mic,2
132102,Canopy,Q1,1
132102,Canopy,Q2,5
132102,Canopy,Q3,3
132102,Canopy,Q4,1
131302,Midstory,Mic,1
131302,Midstory,Q1,1
131302,Midstory,Q2,2
131302,Midstory,Q3,2
131302,Midstory,Q4,3
131302,Canopy,Mic,1
131302,Canopy,Q1,2
131302,Canopy,Q2,5
131302,Canopy,Q3,3
131302,Canopy,Q4,4
131301,Midstory,Mic,1
131301,Midstory,Q1,2
131301,Midstory,Q2,1
131301,Midstory,Q3,2
131301,Midstory,Q4,1
131301,Canopy,Mic,1
131301,Canopy,Q1,2
131301,Canopy,Q2,1
131301,Canopy,Q3,4
131301,Canopy,Q4,2
131941,Midstory,Mic,1
131941,Midstory,Q1,4
131941,Midstory,Q2,1
131941,Midstory,Q3,1
131941,Midstory,Q4,1
131941,Canopy,Mic,2
131941,Canopy,Q1,3
131941,Canopy,Q2,1
131941,Canopy,Q3,1
131941,Canopy,Q4,5
131942,Midstory,Mic,1
131942,Midstory,Q1,3
131942,Midstory,Q2,1
131942,Midstory,Q3,1
131942,Midstory,Q4,1
131942,Canopy,Mic,1
131942,Canopy,Q1,2
131942,Canopy,Q2,1
131942,Canopy,Q3,1
131942,Canopy,Q4,1
130622,Midstory,Mic,1
130622,Midstory,Q1,1
130622,Midstory,Q2,1
130622,Midstory,Q3,2
130622,Midstory,Q4,1
130622,Canopy,Mic,1
130622,Canopy,Q1,2
130622,Canopy,Q2,1
130622,Canopy,Q3,2
130622,Canopy,Q4,2
130621,Midstory,Mic,1
130621,Midstory,Q1,1
130621,Midstory,Q2,2
130621,Midstory,Q3,1
130621,Midstory,Q4,1
130621,Canopy,Mic,1
130621,Canopy,Q1,1
130621,Canopy,Q2,2
130621,Canopy,Q3,1
130621,Canopy,Q4,2
130662,Midstory,Mic,1
130662,Midstory,Q1,1
130662,Midstory,Q2,1
130662,Midstory,Q3,1
130662,Midstory,Q4,3
130662,Canopy,Mic,1
130662,Canopy,Q1,2
130662,Canopy,Q2,1
130662,Canopy,Q3,1
130662,Canopy,Q4,1
130661,Midstory,Mic,1
130661,Midstory,Q1,1
130661,Midstory,Q2,1
130661,Midstory,Q3,1
130661,Midstory,Q4,5
130661,Canopy,Mic,1
130661,Canopy,Q1,2
130661,Canopy,Q2,1
130661,Canopy,Q3,1
130661,Canopy,Q4,5
130022,Midstory,Mic,1
130022,Midstory,Q1,1
130022,Midstory,Q2,1
130022,Midstory,Q3,1
130022,Midstory,Q4,1
130022,Canopy,Mic,1
130022,Canopy,Q1,1
130022,Canopy,Q2,5
130022,Canopy,Q3,5
130022,Canopy,Q4,2
130021,Midstory,Mic,1
130021,Midstory,Q1,1
130021,Midstory,Q2,1
130021,Midstory,Q3,1
130021,Midstory,Q4,5
130021,Canopy,Mic,1
130021,Canopy,Q1,2
130021,Canopy,Q2,3
130021,Canopy,Q3,1
130021,Canopy,Q4,5
129632,Midstory,Mic,1
129632,Midstory,Q1,5
129632,Midstory,Q2,1
129632,Midstory,Q3,3
129632,Midstory,Q4,1
129632,Canopy,Mic,1
129632,Canopy,Q1,5
129632,Canopy,Q2,3
129632,Canopy,Q3,2
129632,Canopy,Q4,1
129631,Midstory,Mic,2
129631,Midstory,Q1,2
129631,Midstory,Q2,1
129631,Midstory,Q3,1
129631,Midstory,Q4,4
129631,Canopy,Mic,1
129631,Canopy,Q1,1
129631,Canopy,Q2,1
129631,Canopy,Q3,4
129631,Canopy,Q4,1
132512,Midstory,Mic,1
132512,Midstory,Q1,2
132512,Midstory,Q2,5
132512,Midstory,Q3,1
132512,Midstory,Q4,1
132512,Canopy,Mic,1
132512,Canopy,Q1,2
132512,Canopy,Q2,5
132512,Canopy,Q3,5
132512,Canopy,Q4,3
132511,Midstory,Mic,1
132511,Midstory,Q1,1
132511,Midstory,Q2,1
132511,Midstory,Q3,1
132511,Midstory,Q4,2
132511,Canopy,Mic,1
132511,Canopy,Q1,1
132511,Canopy,Q2,1
132511,Canopy,Q3,1
132511,Canopy,Q4,4
131142,Midstory,Mic,1
131142,Midstory,Q1,2
131142,Midstory,Q2,2
131142,Midstory,Q3,1
131142,Midstory,Q4,1
131142,Canopy,Mic,1
131142,Canopy,Q1,2
131142,Canopy,Q2,2
131142,Canopy,Q3,1
131142,Canopy,Q4,1
131141,Midstory,Mic,1
131141,Midstory,Q1,2
131141,Midstory,Q2,3
131141,Midstory,Q3,1
131141,Midstory,Q4,4
131141,Canopy,Mic,1
131141,Canopy,Q1,2
131141,Canopy,Q2,5
131141,Canopy,Q3,1
131141,Canopy,Q4,5
130302,Midstory,Mic,1
130302,Midstory,Q1,4
130302,Midstory,Q2,2
130302,Midstory,Q3,5
130302,Midstory,Q4,2
130302,Canopy,Mic,1
130302,Canopy,Q1,5
130302,Canopy,Q2,2
130302,Canopy,Q3,4
130302,Canopy,Q4,4
130301,Midstory,Mic,1
130301,Midstory,Q1,2
130301,Midstory,Q2,5
130301,Midstory,Q3,2
130301,Midstory,Q4,1
130301,Canopy,Mic,1
130301,Canopy,Q1,5
130301,Canopy,Q2,2
130301,Canopy,Q3,2
130301,Canopy,Q4,1
130912,Midstory,Mic,1
130912,Midstory,Q1,1
130912,Midstory,Q2,2
130912,Midstory,Q3,1
130912,Midstory,Q4,2
130912,Canopy,Mic,2
130912,Canopy,Q1,2
130912,Canopy,Q2,2
130912,Canopy,Q3,5
130912,Canopy,Q4,5
130911,Midstory,Mic,1
130911,Midstory,Q1,2
130911,Midstory,Q2,1
130911,Midstory,Q3,4
130911,Midstory,Q4,1
130911,Canopy,Mic,2
130911,Canopy,Q1,5
130911,Canopy,Q2,1
130911,Canopy,Q3,4
130911,Canopy,Q4,1
130432,Midstory,Mic,1
130432,Midstory,Q1,1
130432,Midstory,Q2,1
130432,Midstory,Q3,1
130432,Midstory,Q4,1
130432,Canopy,Mic,1
130432,Canopy,Q1,1
130432,Canopy,Q2,1
130432,Canopy,Q3,1
130432,Canopy,Q4,1
130431,Midstory,Mic,1
130431,Midstory,Q1,2
130431,Midstory,Q2,2
130431,Midstory,Q3,1
130431,Midstory,Q4,1
130431,Canopy,Mic,1
130431,Canopy,Q1,5
130431,Canopy,Q2,2
130431,Canopy,Q3,1
130431,Canopy,Q4,1
131001,Midstory,Mic,1
131001,Midstory,Q1,5
131001,Midstory,Q2,3
131001,Midstory,Q3,1
131001,Midstory,Q4,1
131001,Canopy,Mic,1
131001,Canopy,Q1,5
131001,Canopy,Q2,1
131001,Canopy,Q3,1
131001,Canopy,Q4,1
131002,Midstory,Mic,1
131002,Midstory,Q1,1
131002,Midstory,Q2,4
131002,Midstory,Q3,1
131002,Midstory,Q4,1
131002,Canopy,Mic,2
131002,Canopy,Q1,1
131002,Canopy,Q2,5
131002,Canopy,Q3,1
131002,Canopy,Q4,1
130941,Midstory,Mic,1
130941,Midstory,Q1,1
130941,Midstory,Q2,1
130941,Midstory,Q3,1
130941,Midstory,Q4,1
130941,Canopy,Mic,2
130941,Canopy,Q1,1
130941,Canopy,Q2,1
130941,Canopy,Q3,1
130941,Canopy,Q4,2
130942,Midstory,Mic,1
130942,Midstory,Q1,1
130942,Midstory,Q2,5
130942,Midstory,Q3,1
130942,Midstory,Q4,2
130942,Canopy,Mic,5
130942,Canopy,Q1,1
130942,Canopy,Q2,5
130942,Canopy,Q3,1
130942,Canopy,Q4,1
130272,Midstory,Mic,1
130272,Midstory,Q1,1
130272,Midstory,Q2,2
130272,Midstory,Q3,4
130272,Midstory,Q4,1
130272,Canopy,Mic,2
130272,Canopy,Q1,3
130272,Canopy,Q2,5
130272,Canopy,Q3,5
130272,Canopy,Q4,2
130271,Midstory,Mic,1
130271,Midstory,Q1,1
130271,Midstory,Q2,2
130271,Midstory,Q3,1
130271,Midstory,Q4,5
130271,Canopy,Mic,1
130271,Canopy,Q1,5
130271,Canopy,Q2,2
130271,Canopy,Q3,1
130271,Canopy,Q4,5
132672,Midstory,Mic,1
132672,Midstory,Q1,2
132672,Midstory,Q2,1
132672,Midstory,Q3,1
132672,Midstory,Q4,1
132672,Canopy,Mic,2
132672,Canopy,Q1,4
132672,Canopy,Q2,3
132672,Canopy,Q3,1
132672,Canopy,Q4,5
132671,Midstory,Mic,1
132671,Midstory,Q1,1
132671,Midstory,Q2,1
132671,Midstory,Q3,1
132671,Midstory,Q4,1
132671,Canopy,Mic,2
132671,Canopy,Q1,1
132671,Canopy,Q2,3
132671,Canopy,Q3,1
132671,Canopy,Q4,5
129791,Midstory,Mic,1
129791,Midstory,Q1,1
129791,Midstory,Q2,4
129791,Midstory,Q3,1
129791,Midstory,Q4,1
129791,Canopy,Mic,1
129791,Canopy,Q1,4
129791,Canopy,Q2,4
129791,Canopy,Q3,1
129791,Canopy,Q4,4
129792,Midstory,Mic,1
129792,Midstory,Q1,2
129792,Midstory,Q2,1
129792,Midstory,Q3,2
129792,Midstory,Q4,5
129792,Canopy,Mic,3
129792,Canopy,Q1,5
129792,Canopy,Q2,1
129792,Canopy,Q3,4
129792,Canopy,Q4,1
130671,Midstory,Mic,1
130671,Midstory,Q1,1
130671,Midstory,Q2,2
130671,Midstory,Q3,1
130671,Midstory,Q4,1
130671,Canopy,Mic,2
130671,Canopy,Q1,1
130671,Canopy,Q2,5
130671,Canopy,Q3,2
130671,Canopy,Q4,1
130672,Midstory,Mic,1
130672,Midstory,Q1,1
130672,Midstory,Q2,1
130672,Midstory,Q3,2
130672,Midstory,Q4,1
130672,Canopy,Mic,1
130672,Canopy,Q1,2
130672,Canopy,Q2,1
130672,Canopy,Q3,1
130672,Canopy,Q4,1
130362,Midstory,Mic,1
130362,Midstory,Q1,1
130362,Midstory,Q2,1
130362,Midstory,Q3,3
130362,Midstory,Q4,1
130362,Canopy,Mic,1
130362,Canopy,Q1,2
130362,Canopy,Q2,1
130362,Canopy,Q3,5
130362,Canopy,Q4,1
130361,Midstory,Mic,1
130361,Midstory,Q1,1
130361,Midstory,Q2,2
130361,Midstory,Q3,2
130361,Midstory,Q4,1
130361,Canopy,Mic,1
130361,Canopy,Q1,2
130361,Canopy,Q2,2
130361,Canopy,Q3,1
130361,Canopy,Q4,2
030941,Midstory,Mic,1
030941,Midstory,Q1,1
030941,Midstory,Q2,2
030941,Midstory,Q3,3
030941,Midstory,Q4,1
030941,Canopy,Mic,1
030941,Canopy,Q1,2
030941,Canopy,Q2,3
030941,Canopy,Q3,4
030941,Canopy,Q4,1
030942,Midstory,Mic,1
030942,Midstory,Q1,1
030942,Midstory,Q2,1
030942,Midstory,Q3,1
030942,Midstory,Q4,2
030942,Canopy,Mic,1
030942,Canopy,Q1,1
030942,Canopy,Q2,1
030942,Canopy,Q3,1
030942,Canopy,Q4,1
026532,Midstory,Mic,1
026532,Midstory,Q1,1
026532,Midstory,Q2,1
026532,Midstory,Q3,2
026532,Midstory,Q4,1
026532,Canopy,Mic,4
026532,Canopy,Q1,1
026532,Canopy,Q2,2
026532,Canopy,Q3,5
026532,Canopy,Q4,3
026531,Midstory,Mic,2
026531,Midstory,Q1,1
026531,Midstory,Q2,2
026531,Midstory,Q3,3
026531,Midstory,Q4,1
026531,Canopy,Mic,2
026531,Canopy,Q1,2
026531,Canopy,Q2,2
026531,Canopy,Q3,2
026531,Canopy,Q4,1
026751,Midstory,Mic,1
026751,Midstory,Q1,5
026751,Midstory,Q2,1
026751,Midstory,Q3,4
026751,Midstory,Q4,5
026751,Canopy,Mic,1
026751,Canopy,Q1,4
026751,Canopy,Q2,1
026751,Canopy,Q3,1
026751,Canopy,Q4,3
026752,Midstory,Mic,1
026752,Midstory,Q1,2
026752,Midstory,Q2,5
026752,Midstory,Q3,1
026752,Midstory,Q4,5
026752,Canopy,Mic,1
026752,Canopy,Q1,2
026752,Canopy,Q2,5
026752,Canopy,Q3,1
026752,Canopy,Q4,4
027182,Midstory,Mic,2
027182,Midstory,Q1,5
027182,Midstory,Q2,1
027182,Midstory,Q3,1
027182,Midstory,Q4,1
027182,Canopy,Mic,1
027182,Canopy,Q1,5
027182,Canopy,Q2,1
027182,Canopy,Q3,1
027182,Canopy,Q4,1
027181,Midstory,Mic,1
027181,Midstory,Q1,5
027181,Midstory,Q2,1
027181,Midstory,Q3,1
027181,Midstory,Q4,5
027181,Canopy,Mic,1
027181,Canopy,Q1,3
027181,Canopy,Q2,1
027181,Canopy,Q3,1
027181,Canopy,Q4,2
026141,Midstory,Mic,1
026141,Midstory,Q1,2
026141,Midstory,Q2,1
026141,Midstory,Q3,1
026141,Midstory,Q4,3
026141,Canopy,Mic,3
026141,Canopy,Q1,2
026141,Canopy,Q2,1
026141,Canopy,Q3,1
026141,Canopy,Q4,3
026142,Midstory,Mic,1
026142,Midstory,Q1,5
026142,Midstory,Q2,2
026142,Midstory,Q3,1
026142,Midstory,Q4,1
026142,Canopy,Mic,1
026142,Canopy,Q1,2
026142,Canopy,Q2,4
026142,Canopy,Q3,1
026142,Canopy,Q4,1
026782,Midstory,Mic,1
026782,Midstory,Q1,5
026782,Midstory,Q2,1
026782,Midstory,Q3,4
026782,Midstory,Q4,5
026782,Canopy,Mic,1
026782,Canopy,Q1,5
026782,Canopy,Q2,1
026782,Canopy,Q3,4
026782,Canopy,Q4,5
026781,Midstory,Mic,1
026781,Midstory,Q1,5
026781,Midstory,Q2,4
026781,Midstory,Q3,5
026781,Midstory,Q4,4
026781,Canopy,Mic,1
026781,Canopy,Q1,3
026781,Canopy,Q2,3
026781,Canopy,Q3,5
026781,Canopy,Q4,4
026111,Midstory,Mic,1
026111,Midstory,Q1,5
026111,Midstory,Q2,5
026111,Midstory,Q3,5
026111,Midstory,Q4,5
026111,Canopy,Mic,2
026111,Canopy,Q1,2
026111,Canopy,Q2,5
026111,Canopy,Q3,3
026111,Canopy,Q4,2
026112,Midstory,Mic,1
026112,Midstory,Q1,1
026112,Midstory,Q2,5
026112,Midstory,Q3,2
026112,Midstory,Q4,1
026112,Canopy,Mic,1
026112,Canopy,Q1,1
026112,Canopy,Q2,5
026112,Canopy,Q3,1
026112,Canopy,Q4,1
027571,Midstory,Mic,1
027571,Midstory,Q1,1
027571,Midstory,Q2,1
027571,Midstory,Q3,1
027571,Midstory,Q4,1
027571,Canopy,Mic,1
027571,Canopy,Q1,1
027571,Canopy,Q2,1
027571,Canopy,Q3,1
027571,Canopy,Q4,1
027572,Midstory,Mic,1
027572,Midstory,Q1,1
027572,Midstory,Q2,1
027572,Midstory,Q3,1
027572,Midstory,Q4,1
027572,Canopy,Mic,1
027572,Canopy,Q1,1
027572,Canopy,Q2,1
027572,Canopy,Q3,1
027572,Canopy,Q4,1
027091,Midstory,Mic,1
027091,Midstory,Q1,4
027091,Midstory,Q2,2
027091,Midstory,Q3,2
027091,Midstory,Q4,2
027091,Canopy,Mic,2
027091,Canopy,Q1,5
027091,Canopy,Q2,5
027091,Canopy,Q3,5
027091,Canopy,Q4,5
027092,Midstory,Mic,2
027092,Midstory,Q1,3
027092,Midstory,Q2,5
027092,Midstory,Q3,2
027092,Midstory,Q4,2
027092,Canopy,Mic,5
027092,Canopy,Q1,1
027092,Canopy,Q2,5
027092,Canopy,Q3,4
027092,Canopy,Q4,5
027391,Midstory,Mic,2
027391,Midstory,Q1,3
027391,Midstory,Q2,1
027391,Midstory,Q3,4
027391,Midstory,Q4,2
027391,Canopy,Mic,2
027391,Canopy,Q1,5
027391,Canopy,Q2,1
027391,Canopy,Q3,1
027391,Canopy,Q4,1
027392,Midstory,Mic,1
027392,Midstory,Q1,2
027392,Midstory,Q2,1
027392,Midstory,Q3,4
027392,Midstory,Q4,5
027392,Canopy,Mic,1
027392,Canopy,Q1,2
027392,Canopy,Q2,1
027392,Canopy,Q3,1
027392,Canopy,Q4,3
027261,Midstory,Mic,1
027261,Midstory,Q1,3
027261,Midstory,Q2,1
027261,Midstory,Q3,1
027261,Midstory,Q4,1
027261,Canopy,Mic,1
027261,Canopy,Q1,1
027261,Canopy,Q2,1
027261,Canopy,Q3,1
027261,Canopy,Q4,1
027262,Midstory,Mic,1
027262,Midstory,Q1,1
027262,Midstory,Q2,1
027262,Midstory,Q3,2
027262,Midstory,Q4,5
027262,Canopy,Mic,1
027262,Canopy,Q1,1
027262,Canopy,Q2,1
027262,Canopy,Q3,1
027262,Canopy,Q4,1
028062,Midstory,Mic,1
028062,Midstory,Q1,3
028062,Midstory,Q2,1
028062,Midstory,Q3,1
028062,Midstory,Q4,5
028062,Canopy,Mic,1
028062,Canopy,Q1,3
028062,Canopy,Q2,1
028062,Canopy,Q3,1
028062,Canopy,Q4,2
028061,Midstory,Mic,1
028061,Midstory,Q1,5
028061,Midstory,Q2,2
028061,Midstory,Q3,1
028061,Midstory,Q4,1
028061,Canopy,Mic,1
028061,Canopy,Q1,1
028061,Canopy,Q2,1
028061,Canopy,Q3,1
028061,Canopy,Q4,1
025952,Midstory,Mic,1
025952,Midstory,Q1,5
025952,Midstory,Q2,5
025952,Midstory,Q3,5
025952,Midstory,Q4,1
025952,Canopy,Mic,1
025952,Canopy,Q1,5
025952,Canopy,Q2,5
025952,Canopy,Q3,5
025952,Canopy,Q4,1
025951,Midstory,Mic,2
025951,Midstory,Q1,4
025951,Midstory,Q2,1
025951,Midstory,Q3,4
025951,Midstory,Q4,1
025951,Canopy,Mic,5
025951,Canopy,Q1,5
025951,Canopy,Q2,1
025951,Canopy,Q3,5
025951,Canopy,Q4,1
029631,Midstory,Mic,1
029631,Midstory,Q1,3
029631,Midstory,Q2,2
029631,Midstory,Q3,3
029631,Midstory,Q4,1
029631,Canopy,Mic,1
029631,Canopy,Q1,2
029631,Canopy,Q2,2
029631,Canopy,Q3,2
029631,Canopy,Q4,1
029632,Midstory,Mic,3
029632,Midstory,Q1,2
029632,Midstory,Q2,2
029632,Midstory,Q3,2
029632,Midstory,Q4,3
029632,Canopy,Mic,5
029632,Canopy,Q1,5
029632,Canopy,Q2,1
029632,Canopy,Q3,2
029632,Canopy,Q4,3
026011,Midstory,Mic,2
026011,Midstory,Q1,5
026011,Midstory,Q2,5
026011,Midstory,Q3,5
026011,Midstory,Q4,2
026011,Canopy,Mic,2
026011,Canopy,Q1,5
026011,Canopy,Q2,5
026011,Canopy,Q3,5
026011,Canopy,Q4,5
026012,Midstory,Mic,1
026012,Midstory,Q1,5
026012,Midstory,Q2,5
026012,Midstory,Q3,1
026012,Midstory,Q4,1
026012,Canopy,Mic,1
026012,Canopy,Q1,4
026012,Canopy,Q2,5
026012,Canopy,Q3,1
026012,Canopy,Q4,1
028891,Midstory,Mic,1
028891,Midstory,Q1,5
028891,Midstory,Q2,5
028891,Midstory,Q3,1
028891,Midstory,Q4,2
028891,Canopy,Mic,4
028891,Canopy,Q1,5
028891,Canopy,Q2,4
028891,Canopy,Q3,2
028891,Canopy,Q4,2
028892,Midstory,Mic,1
028892,Midstory,Q1,1
028892,Midstory,Q2,1
028892,Midstory,Q3,1
028892,Midstory,Q4,5
028892,Canopy,Mic,1
028892,Canopy,Q1,3
028892,Canopy,Q2,2
028892,Canopy,Q3,4
028892,Canopy,Q4,5
026962,Midstory,Mic,1
026962,Midstory,Q1,4
026962,Midstory,Q2,5
026962,Midstory,Q3,1
026962,Midstory,Q4,5
026962,Canopy,Mic,5
026962,Canopy,Q1,4
026962,Canopy,Q2,5
026962,Canopy,Q3,1
026962,Canopy,Q4,4
026961,Midstory,Mic,2
026961,Midstory,Q1,4
026961,Midstory,Q2,1
026961,Midstory,Q3,2
026961,Midstory,Q4,5
026961,Canopy,Mic,2
026961,Canopy,Q1,4
026961,Canopy,Q2,1
026961,Canopy,Q3,5
026961,Canopy,Q4,5
030211,Midstory,Mic,1
030211,Midstory,Q1,1
030211,Midstory,Q2,5
030211,Midstory,Q3,1
030211,Midstory,Q4,1
030211,Canopy,Mic,1
030211,Canopy,Q1,1
030211,Canopy,Q2,5
030211,Canopy,Q3,3
030211,Canopy,Q4,1
030212,Midstory,Mic,1
030212,Midstory,Q1,1
030212,Midstory,Q2,5
030212,Midstory,Q3,5
030212,Midstory,Q4,1
030212,Canopy,Mic,1
030212,Canopy,Q1,1
030212,Canopy,Q2,5
030212,Canopy,Q3,1
030212,Canopy,Q4,1
028371,Midstory,Mic,1
028371,Midstory,Q1,3
028371,Midstory,Q2,1
028371,Midstory,Q3,1
028371,Midstory,Q4,3
028371,Canopy,Mic,2
028371,Canopy,Q1,3
028371,Canopy,Q2,1
028371,Canopy,Q3,1
028371,Canopy,Q4,4
028372,Midstory,Mic,1
028372,Midstory,Q1,1
028372,Midstory,Q2,1
028372,Midstory,Q3,1
028372,Midstory,Q4,1
028372,Canopy,Mic,1
028372,Canopy,Q1,1
028372,Canopy,Q2,1
028372,Canopy,Q3,1
028372,Canopy,Q4,5
026172,Midstory,Mic,5
026172,Midstory,Q1,5
026172,Midstory,Q2,5
026172,Midstory,Q3,4
026172,Midstory,Q4,5
026172,Canopy,Mic,4
026172,Canopy,Q1,4
026172,Canopy,Q2,5
026172,Canopy,Q3,5
026172,Canopy,Q4,4
026171,Midstory,Mic,1
026171,Midstory,Q1,5
026171,Midstory,Q2,1
026171,Midstory,Q3,2
026171,Midstory,Q4,2
026171,Canopy,Mic,3
026171,Canopy,Q1,3
026171,Canopy,Q2,1
026171,Canopy,Q3,5
026171,Canopy,Q4,4
026811,Midstory,Mic,1
026811,Midstory,Q1,1
026811,Midstory,Q2,3
026811,Midstory,Q3,2
026811,Midstory,Q4,4
026811,Canopy,Mic,1
026811,Canopy,Q1,2
026811,Canopy,Q2,5
026811,Canopy,Q3,1
026811,Canopy,Q4,1
026812,Midstory,Mic,1
026812,Midstory,Q1,5
026812,Midstory,Q2,1
026812,Midstory,Q3,2
026812,Midstory,Q4,5
026812,Canopy,Mic,1
026812,Canopy,Q1,4
026812,Canopy,Q2,5
026812,Canopy,Q3,5
026812,Canopy,Q4,5
027931,Midstory,Mic,2
027931,Midstory,Q1,2
027931,Midstory,Q2,5
027931,Midstory,Q3,3
027931,Midstory,Q4,1
027931,Canopy,Mic,3
027931,Canopy,Q1,2
027931,Canopy,Q2,3
027931,Canopy,Q3,5
027931,Canopy,Q4,1
027932,Midstory,Mic,1
027932,Midstory,Q1,5
027932,Midstory,Q2,5
027932,Midstory,Q3,1
027932,Midstory,Q4,1
027932,Canopy,Mic,5
027932,Canopy,Q1,5
027932,Canopy,Q2,5
027932,Canopy,Q3,5
027932,Canopy,Q4,1
027451,Midstory,Mic,1
027451,Midstory,Q1,2
027451,Midstory,Q2,2
027451,Midstory,Q3,5
027451,Midstory,Q4,1
027451,Canopy,Mic,1
027451,Canopy,Q1,4
027451,Canopy,Q2,5
027451,Canopy,Q3,4
027451,Canopy,Q4,5
027452,Midstory,Mic,2
027452,Midstory,Q1,1
027452,Midstory,Q2,5
027452,Midstory,Q3,5
027452,Midstory,Q4,1
027452,Canopy,Mic,5
027452,Canopy,Q1,3
027452,Canopy,Q2,5
027452,Canopy,Q3,5
027452,Canopy,Q4,5
000041,Midstory,Mic,1
000041,Midstory,Q1,1
000041,Midstory,Q2,5
000041,Midstory,Q3,3
000041,Midstory,Q4,2
000041,Canopy,Mic,2
000041,Canopy,Q1,1
000041,Canopy,Q2,1
000041,Canopy,Q3,3
000041,Canopy,Q4,5
000042,Midstory,Mic,1
000042,Midstory,Q1,2
000042,Midstory,Q2,1
000042,Midstory,Q3,2
000042,Midstory,Q4,1
000042,Canopy,Mic,1
000042,Canopy,Q1,1
000042,Canopy,Q2,2
000042,Canopy,Q3,1
000042,Canopy,Q4,1
000092,Midstory,Mic,1
000092,Midstory,Q1,1
000092,Midstory,Q2,2
000092,Midstory,Q3,2
000092,Midstory,Q4,1
000092,Canopy,Mic,3
000092,Canopy,Q1,1
000092,Canopy,Q2,3
000092,Canopy,Q3,2
000092,Canopy,Q4,2
000091,Midstory,Mic,1
000091,Midstory,Q1,1
000091,Midstory,Q2,2
000091,Midstory,Q3,5
000091,Midstory,Q4,1
000091,Canopy,Mic,3
000091,Canopy,Q1,4
000091,Canopy,Q2,2
000091,Canopy,Q3,4
000091,Canopy,Q4,3
000151,Midstory,Mic,1
000151,Midstory,Q1,5
000151,Midstory,Q2,3
000151,Midstory,Q3,2
000151,Midstory,Q4,2
000151,Canopy,Mic,2
000151,Canopy,Q1,2
000151,Canopy,Q2,2
000151,Canopy,Q3,5
000151,Canopy,Q4,4
000152,Midstory,Mic,2
000152,Midstory,Q1,1
000152,Midstory,Q2,1
000152,Midstory,Q3,2
000152,Midstory,Q4,2
000152,Canopy,Mic,5
000152,Canopy,Q1,5
000152,Canopy,Q2,5
000152,Canopy,Q3,5
000152,Canopy,Q4,5
000171,Midstory,Mic,1
000171,Midstory,Q1,1
000171,Midstory,Q2,1
000171,Midstory,Q3,4
000171,Midstory,Q4,1
000171,Canopy,Mic,2
000171,Canopy,Q1,2
000171,Canopy,Q2,1
000171,Canopy,Q3,5
000171,Canopy,Q4,1
000172,Midstory,Mic,1
000172,Midstory,Q1,2
000172,Midstory,Q2,1
000172,Midstory,Q3,2
000172,Midstory,Q4,5
000172,Canopy,Mic,1
000172,Canopy,Q1,1
000172,Canopy,Q2,1
000172,Canopy,Q3,1
000172,Canopy,Q4,1
000181,Midstory,Mic,1
000181,Midstory,Q1,2
000181,Midstory,Q2,5
000181,Midstory,Q3,5
000181,Midstory,Q4,1
000181,Canopy,Mic,1
000181,Canopy,Q1,5
000181,Canopy,Q2,5
000181,Canopy,Q3,4
000181,Canopy,Q4,5
000182,Midstory,Mic,1
000182,Midstory,Q1,2
000182,Midstory,Q2,1
000182,Midstory,Q3,5
000182,Midstory,Q4,4
000182,Canopy,Mic,4
000182,Canopy,Q1,5
000182,Canopy,Q2,5
000182,Canopy,Q3,5
000182,Canopy,Q4,5
000201,Midstory,Mic,1
000201,Midstory,Q1,5
000201,Midstory,Q2,3
000201,Midstory,Q3,5
000201,Midstory,Q4,5
000201,Canopy,Mic,1
000201,Canopy,Q1,5
000201,Canopy,Q2,4
000201,Canopy,Q3,5
000201,Canopy,Q4,1
000202,Midstory,Mic,1
000202,Midstory,Q1,1
000202,Midstory,Q2,1
000202,Midstory,Q3,1
000202,Midstory,Q4,2
000202,Canopy,Mic,3
000202,Canopy,Q1,1
000202,Canopy,Q2,1
000202,Canopy,Q3,2
000202,Canopy,Q4,2
000341,Midstory,Mic,1
000341,Midstory,Q1,5
000341,Midstory,Q2,1
000341,Midstory,Q3,1
000341,Midstory,Q4,5
000341,Canopy,Mic,5
000341,Canopy,Q1,4
000341,Canopy,Q2,5
000341,Canopy,Q3,5
000341,Canopy,Q4,5
000342,Midstory,Mic,1
000342,Midstory,Q1,5
000342,Midstory,Q2,1
000342,Midstory,Q3,3
000342,Midstory,Q4,4
000342,Canopy,Mic,5
000342,Canopy,Q1,5
000342,Canopy,Q2,5
000342,Canopy,Q3,5
000342,Canopy,Q4,5
000501,Midstory,Mic,2
000501,Midstory,Q1,5
000501,Midstory,Q2,5
000501,Midstory,Q3,5
000501,Midstory,Q4,3
000501,Canopy,Mic,5
000501,Canopy,Q1,4
000501,Canopy,Q2,4
000501,Canopy,Q3,4
000501,Canopy,Q4,1
000502,Midstory,Mic,2
000502,Midstory,Q1,5
000502,Midstory,Q2,1
000502,Midstory,Q3,2
000502,Midstory,Q4,4
000502,Canopy,Mic,5
000502,Canopy,Q1,5
000502,Canopy,Q2,5
000502,Canopy,Q3,4
000502,Canopy,Q4,4
000531,Midstory,Mic,1
000531,Midstory,Q1,1
000531,Midstory,Q2,2
000531,Midstory,Q3,1
000531,Midstory,Q4,5
000531,Canopy,Mic,2
000531,Canopy,Q1,2
000531,Canopy,Q2,2
000531,Canopy,Q3,1
000531,Canopy,Q4,5
000532,Midstory,Mic,1
000532,Midstory,Q1,1
000532,Midstory,Q2,1
000532,Midstory,Q3,1
000532,Midstory,Q4,1
000532,Canopy,Mic,3
000532,Canopy,Q1,4
000532,Canopy,Q2,1
000532,Canopy,Q3,1
000532,Canopy,Q4,2
000591,Midstory,Mic,2
000591,Midstory,Q1,5
000591,Midstory,Q2,1
000591,Midstory,Q3,5
000591,Midstory,Q4,5
000591,Canopy,Mic,2
000591,Canopy,Q1,3
000591,Canopy,Q2,1
000591,Canopy,Q3,5
000591,Canopy,Q4,5
000592,Midstory,Mic,1
000592,Midstory,Q1,5
000592,Midstory,Q2,4
000592,Midstory,Q3,5
000592,Midstory,Q4,4
000592,Canopy,Mic,3
000592,Canopy,Q1,5
000592,Canopy,Q2,5
000592,Canopy,Q3,5
000592,Canopy,Q4,5
000612,Midstory,Mic,1
000612,Midstory,Q1,1
000612,Midstory,Q2,5
000612,Midstory,Q3,5
000612,Midstory,Q4,1
000612,Canopy,Mic,1
000612,Canopy,Q1,5
000612,Canopy,Q2,5
000612,Canopy,Q3,5
000612,Canopy,Q4,1
000611,Midstory,Mic,1
000611,Midstory,Q1,1
000611,Midstory,Q2,5
000611,Midstory,Q3,2
000611,Midstory,Q4,1
000611,Canopy,Mic,3
000611,Canopy,Q1,2
000611,Canopy,Q2,5
000611,Canopy,Q3,4
000611,Canopy,Q4,1
000661,Midstory,Mic,1
000661,Midstory,Q1,1
000661,Midstory,Q2,2
000661,Midstory,Q3,2
000661,Midstory,Q4,5
000661,Canopy,Mic,3
000661,Canopy,Q1,3
000661,Canopy,Q2,2
000661,Canopy,Q3,5
000661,Canopy,Q4,5
000662,Midstory,Mic,1
000662,Midstory,Q1,1
000662,Midstory,Q2,5
000662,Midstory,Q3,1
000662,Midstory,Q4,2
000662,Canopy,Mic,1
000662,Canopy,Q1,1
000662,Canopy,Q2,5
000662,Canopy,Q3,1
000662,Canopy,Q4,2
000911,Midstory,Mic,1
000911,Midstory,Q1,4
000911,Midstory,Q2,4
000911,Midstory,Q3,1
000911,Midstory,Q4,1
000911,Canopy,Mic,2
000911,Canopy,Q1,4
000911,Canopy,Q2,5
000911,Canopy,Q3,1
000911,Canopy,Q4,5
000912,Midstory,Mic,2
000912,Midstory,Q1,2
000912,Midstory,Q2,5
000912,Midstory,Q3,5
000912,Midstory,Q4,4
000912,Canopy,Mic,5
000912,Canopy,Q1,5
000912,Canopy,Q2,5
000912,Canopy,Q3,5
000912,Canopy,Q4,5
000931,Midstory,Mic,1
000931,Midstory,Q1,1
000931,Midstory,Q2,1
000931,Midstory,Q3,1
000931,Midstory,Q4,1
000931,Canopy,Mic,1
000931,Canopy,Q1,1
000931,Canopy,Q2,1
000931,Canopy,Q3,1
000931,Canopy,Q4,1
000932,Midstory,Mic,1
000932,Midstory,Q1,1
000932,Midstory,Q2,5
000932,Midstory,Q3,1
000932,Midstory,Q4,1
000932,Canopy,Mic,1
000932,Canopy,Q1,1
000932,Canopy,Q2,5
000932,Canopy,Q3,4
000932,Canopy,Q4,3
000971,Midstory,Mic,1
000971,Midstory,Q1,5
000971,Midstory,Q2,5
000971,Midstory,Q3,5
000971,Midstory,Q4,5
000971,Canopy,Mic,5
000971,Canopy,Q1,5
000971,Canopy,Q2,4
000971,Canopy,Q3,3
000971,Canopy,Q4,5
000972,Midstory,Mic,1
000972,Midstory,Q1,1
000972,Midstory,Q2,5
000972,Midstory,Q3,5
000972,Midstory,Q4,5
000972,Canopy,Mic,5
000972,Canopy,Q1,5
000972,Canopy,Q2,5
000972,Canopy,Q3,5
000972,Canopy,Q4,5
000981,Midstory,Mic,1
000981,Midstory,Q1,1
000981,Midstory,Q2,4
000981,Midstory,Q3,2
000981,Midstory,Q4,1
000981,Canopy,Mic,5
000981,Canopy,Q1,5
000981,Canopy,Q2,5
000981,Canopy,Q3,4
000981,Canopy,Q4,5
000982,Midstory,Mic,1
000982,Midstory,Q1,2
000982,Midstory,Q2,1
000982,Midstory,Q3,1
000982,Midstory,Q4,4
000982,Canopy,Mic,2
000982,Canopy,Q1,4
000982,Canopy,Q2,5
000982,Canopy,Q3,5
000982,Canopy,Q4,3
001131,Midstory,Mic,1
001131,Midstory,Q1,5
001131,Midstory,Q2,1
001131,Midstory,Q3,2
001131,Midstory,Q4,1
001131,Canopy,Mic,1
001131,Canopy,Q1,5
001131,Canopy,Q2,1
001131,Canopy,Q3,2
001131,Canopy,Q4,1
001132,Midstory,Mic,1
001132,Midstory,Q1,5
001132,Midstory,Q2,5
001132,Midstory,Q3,2
001132,Midstory,Q4,1
001132,Canopy,Mic,1
001132,Canopy,Q1,5
001132,Canopy,Q2,5
001132,Canopy,Q3,1
001132,Canopy,Q4,2
001211,Midstory,Mic,3
001211,Midstory,Q1,5
001211,Midstory,Q2,5
001211,Midstory,Q3,4
001211,Midstory,Q4,5
001211,Canopy,Mic,2
001211,Canopy,Q1,1
001211,Canopy,Q2,1
001211,Canopy,Q3,5
001211,Canopy,Q4,3
001212,Midstory,Mic,1
001212,Midstory,Q1,5
001212,Midstory,Q2,5
001212,Midstory,Q3,5
001212,Midstory,Q4,4
001212,Canopy,Mic,2
001212,Canopy,Q1,1
001212,Canopy,Q2,1
001212,Canopy,Q3,5
001212,Canopy,Q4,5
001251,Midstory,Mic,1
001251,Midstory,Q1,1
001251,Midstory,Q2,5
001251,Midstory,Q3,3
001251,Midstory,Q4,5
001251,Canopy,Mic,5
001251,Canopy,Q1,5
001251,Canopy,Q2,5
001251,Canopy,Q3,5
001251,Canopy,Q4,4
001252,Midstory,Mic,1
001252,Midstory,Q1,5
001252,Midstory,Q2,4
001252,Midstory,Q3,2
001252,Midstory,Q4,5
001252,Canopy,Mic,4
001252,Canopy,Q1,5
001252,Canopy,Q2,5
001252,Canopy,Q3,5
001252,Canopy,Q4,1
001531,Midstory,Mic,1
001531,Midstory,Q1,1
001531,Midstory,Q2,1
001531,Midstory,Q3,2
001531,Midstory,Q4,4
001531,Canopy,Mic,2
001531,Canopy,Q1,2
001531,Canopy,Q2,5
001531,Canopy,Q3,2
001531,Canopy,Q4,5
001532,Midstory,Mic,1
001532,Midstory,Q1,1
001532,Midstory,Q2,1
001532,Midstory,Q3,1
001532,Midstory,Q4,1
001532,Canopy,Mic,4
001532,Canopy,Q1,1
001532,Canopy,Q2,1
001532,Canopy,Q3,2
001532,Canopy,Q4,3
001551,Midstory,Mic,1
001551,Midstory,Q1,1
001551,Midstory,Q2,1
001551,Midstory,Q3,1
001551,Midstory,Q4,2
001551,Canopy,Mic,1
001551,Canopy,Q1,1
001551,Canopy,Q2,1
001551,Canopy,Q3,1
001551,Canopy,Q4,3
001552,Midstory,Mic,1
001552,Midstory,Q1,1
001552,Midstory,Q2,3
001552,Midstory,Q3,1
001552,Midstory,Q4,1
001552,Canopy,Mic,2
001552,Canopy,Q1,1
001552,Canopy,Q2,5
001552,Canopy,Q3,1
001552,Canopy,Q4,1
001571,Midstory,Mic,1
001571,Midstory,Q1,2
001571,Midstory,Q2,2
001571,Midstory,Q3,1
001571,Midstory,Q4,1
001571,Canopy,Mic,2
001571,Canopy,Q1,5
001571,Canopy,Q2,3
001571,Canopy,Q3,5
001571,Canopy,Q4,5
001572,Midstory,Mic,2
001572,Midstory,Q1,2
001572,Midstory,Q2,5
001572,Midstory,Q3,4
001572,Midstory,Q4,1
001572,Canopy,Mic,5
001572,Canopy,Q1,5
001572,Canopy,Q2,2
001572,Canopy,Q3,5
001572,Canopy,Q4,3
002091,Midstory,Mic,1
002091,Midstory,Q1,2
002091,Midstory,Q2,1
002091,Midstory,Q3,4
002091,Midstory,Q4,4
002091,Canopy,Mic,5
002091,Canopy,Q1,5
002091,Canopy,Q2,1
002091,Canopy,Q3,5
002091,Canopy,Q4,4
002092,Midstory,Mic,1
002092,Midstory,Q1,3
002092,Midstory,Q2,5
002092,Midstory,Q3,4
002092,Midstory,Q4,5
002092,Canopy,Mic,3
002092,Canopy,Q1,1
002092,Canopy,Q2,3
002092,Canopy,Q3,2
002092,Canopy,Q4,1
017301,Midstory,Mic,2
017301,Midstory,Q1,1
017301,Midstory,Q2,5
017301,Midstory,Q3,1
017301,Midstory,Q4,3
017301,Canopy,Mic,2
017301,Canopy,Q1,1
017301,Canopy,Q2,2
017301,Canopy,Q3,1
017301,Canopy,Q4,3
017302,Midstory,Mic,2
017302,Midstory,Q1,1
017302,Midstory,Q2,1
017302,Midstory,Q3,5
017302,Midstory,Q4,1
017302,Canopy,Mic,2
017302,Canopy,Q1,1
017302,Canopy,Q2,1
017302,Canopy,Q3,4
017302,Canopy,Q4,1
017341,Midstory,Mic,1
017341,Midstory,Q1,5
017341,Midstory,Q2,2
017341,Midstory,Q3,2
017341,Midstory,Q4,2
017341,Canopy,Mic,5
017341,Canopy,Q1,4
017341,Canopy,Q2,1
017341,Canopy,Q3,5
017341,Canopy,Q4,1
017342,Midstory,Mic,1
017342,Midstory,Q1,2
017342,Midstory,Q2,1
017342,Midstory,Q3,1
017342,Midstory,Q4,1
017342,Canopy,Mic,5
017342,Canopy,Q1,1
017342,Canopy,Q2,5
017342,Canopy,Q3,4
017342,Canopy,Q4,4
017381,Midstory,Mic,1
017381,Midstory,Q1,2
017381,Midstory,Q2,2
017381,Midstory,Q3,2
017381,Midstory,Q4,1
017381,Canopy,Mic,5
017381,Canopy,Q1,5
017381,Canopy,Q2,5
017381,Canopy,Q3,5
017381,Canopy,Q4,5
017382,Midstory,Mic,1
017382,Midstory,Q1,1
017382,Midstory,Q2,1
017382,Midstory,Q3,5
017382,Midstory,Q4,5
017382,Canopy,Mic,1
017382,Canopy,Q1,5
017382,Canopy,Q2,1
017382,Canopy,Q3,2
017382,Canopy,Q4,4
017411,Midstory,Mic,1
017411,Midstory,Q1,1
017411,Midstory,Q2,5
017411,Midstory,Q3,5
017411,Midstory,Q4,1
017411,Canopy,Mic,2
017411,Canopy,Q1,1
017411,Canopy,Q2,4
017411,Canopy,Q3,5
017411,Canopy,Q4,1
017412,Midstory,Mic,1
017412,Midstory,Q1,5
017412,Midstory,Q2,2
017412,Midstory,Q3,2
017412,Midstory,Q4,5
017412,Canopy,Mic,5
017412,Canopy,Q1,5
017412,Canopy,Q2,3
017412,Canopy,Q3,5
017412,Canopy,Q4,5
017501,Midstory,Mic,1
017501,Midstory,Q1,1
017501,Midstory,Q2,1
017501,Midstory,Q3,4
017501,Midstory,Q4,1
017501,Canopy,Mic,1
017501,Canopy,Q1,1
017501,Canopy,Q2,5
017501,Canopy,Q3,4
017501,Canopy,Q4,1
017502,Midstory,Mic,1
017502,Midstory,Q1,2
017502,Midstory,Q2,1
017502,Midstory,Q3,1
017502,Midstory,Q4,5
017502,Canopy,Mic,1
017502,Canopy,Q1,1
017502,Canopy,Q2,1
017502,Canopy,Q3,1
017502,Canopy,Q4,5
017531,Midstory,Mic,1
017531,Midstory,Q1,1
017531,Midstory,Q2,3
017531,Midstory,Q3,2
017531,Midstory,Q4,4
017531,Canopy,Mic,2
017531,Canopy,Q1,4
017531,Canopy,Q2,5
017531,Canopy,Q3,5
017531,Canopy,Q4,3
017532,Midstory,Mic,1
017532,Midstory,Q1,2
017532,Midstory,Q2,2
017532,Midstory,Q3,2
017532,Midstory,Q4,1
017532,Canopy,Mic,2
017532,Canopy,Q1,3
017532,Canopy,Q2,5
017532,Canopy,Q3,4
017532,Canopy,Q4,5
017541,Midstory,Mic,1
017541,Midstory,Q1,2
017541,Midstory,Q2,1
017541,Midstory,Q3,5
017541,Midstory,Q4,1
017541,Canopy,Mic,5
017541,Canopy,Q1,3
017541,Canopy,Q2,1
017541,Canopy,Q3,5
017541,Canopy,Q4,5
017542,Midstory,Mic,1
017542,Midstory,Q1,1
017542,Midstory,Q2,2
017542,Midstory,Q3,1
017542,Midstory,Q4,5
017542,Canopy,Mic,1
017542,Canopy,Q1,1
017542,Canopy,Q2,5
017542,Canopy,Q3,1
017542,Canopy,Q4,1
017581,Midstory,Mic,1
017581,Midstory,Q1,1
017581,Midstory,Q2,2
017581,Midstory,Q3,1
017581,Midstory,Q4,2
017581,Canopy,Mic,5
017581,Canopy,Q1,5
017581,Canopy,Q2,1
017581,Canopy,Q3,5
017581,Canopy,Q4,3
017582,Midstory,Mic,1
017582,Midstory,Q1,4
017582,Midstory,Q2,1
017582,Midstory,Q3,2
017582,Midstory,Q4,2
017582,Canopy,Mic,5
017582,Canopy,Q1,5
017582,Canopy,Q2,1
017582,Canopy,Q3,3
017582,Canopy,Q4,1
017661,Midstory,Mic,1
017661,Midstory,Q1,1
017661,Midstory,Q2,1
017661,Midstory,Q3,3
017661,Midstory,Q4,5
017661,Canopy,Mic,1
017661,Canopy,Q1,1
017661,Canopy,Q2,1
017661,Canopy,Q3,1
017661,Canopy,Q4,5
017662,Midstory,Mic,1
017662,Midstory,Q1,5
017662,Midstory,Q2,2
017662,Midstory,Q3,5
017662,Midstory,Q4,2
017662,Canopy,Mic,1
017662,Canopy,Q1,1
017662,Canopy,Q2,1
017662,Canopy,Q3,1
017662,Canopy,Q4,3
017691,Midstory,Mic,1
017691,Midstory,Q1,1
017691,Midstory,Q2,2
017691,Midstory,Q3,2
017691,Midstory,Q4,1
017691,Canopy,Mic,1
017691,Canopy,Q1,1
017691,Canopy,Q2,1
017691,Canopy,Q3,1
017691,Canopy,Q4,1
017692,Midstory,Mic,2
017692,Midstory,Q1,1
017692,Midstory,Q2,3
017692,Midstory,Q3,2
017692,Midstory,Q4,1
017692,Canopy,Mic,1
017692,Canopy,Q1,1
017692,Canopy,Q2,1
017692,Canopy,Q3,1
017692,Canopy,Q4,1
017811,Midstory,Mic,1
017811,Midstory,Q1,1
017811,Midstory,Q2,1
017811,Midstory,Q3,1
017811,Midstory,Q4,4
017811,Canopy,Mic,1
017811,Canopy,Q1,1
017811,Canopy,Q2,1
017811,Canopy,Q3,1
017811,Canopy,Q4,2
017812,Midstory,Mic,1
017812,Midstory,Q1,1
017812,Midstory,Q2,3
017812,Midstory,Q3,1
017812,Midstory,Q4,5
017812,Canopy,Mic,1
017812,Canopy,Q1,1
017812,Canopy,Q2,4
017812,Canopy,Q3,1
017812,Canopy,Q4,5
017851,Midstory,Mic,1
017851,Midstory,Q1,1
017851,Midstory,Q2,1
017851,Midstory,Q3,3
017851,Midstory,Q4,1
017851,Canopy,Mic,3
017851,Canopy,Q1,3
017851,Canopy,Q2,1
017851,Canopy,Q3,4
017851,Canopy,Q4,2
017852,Midstory,Mic,1
017852,Midstory,Q1,1
017852,Midstory,Q2,1
017852,Midstory,Q3,1
017852,Midstory,Q4,1
017852,Canopy,Mic,1
017852,Canopy,Q1,2
017852,Canopy,Q2,1
017852,Canopy,Q3,1
017852,Canopy,Q4,1
018011,Midstory,Mic,1
018011,Midstory,Q1,1
018011,Midstory,Q2,1
018011,Midstory,Q3,2
018011,Midstory,Q4,3
018011,Canopy,Mic,1
018011,Canopy,Q1,1
018011,Canopy,Q2,1
018011,Canopy,Q3,2
018011,Canopy,Q4,4
018012,Midstory,Mic,1
018012,Midstory,Q1,1
018012,Midstory,Q2,1
018012,Midstory,Q3,1
018012,Midstory,Q4,3
018012,Canopy,Mic,3
018012,Canopy,Q1,1
018012,Canopy,Q2,2
018012,Canopy,Q3,1
018012,Canopy,Q4,3
018021,Midstory,Mic,1
018021,Midstory,Q1,1
018021,Midstory,Q2,1
018021,Midstory,Q3,5
018021,Midstory,Q4,1
018021,Canopy,Mic,1
018021,Canopy,Q1,1
018021,Canopy,Q2,5
018021,Canopy,Q3,5
018021,Canopy,Q4,1
018022,Midstory,Mic,1
018022,Midstory,Q1,1
018022,Midstory,Q2,1
018022,Midstory,Q3,1
018022,Midstory,Q4,1
018022,Canopy,Mic,1
018022,Canopy,Q1,1
018022,Canopy,Q2,1
018022,Canopy,Q3,1
018022,Canopy,Q4,1
018101,Midstory,Mic,1
018101,Midstory,Q1,1
018101,Midstory,Q2,2
018101,Midstory,Q3,3
018101,Midstory,Q4,3
018101,Canopy,Mic,5
018101,Canopy,Q1,5
018101,Canopy,Q2,5
018101,Canopy,Q3,3
018101,Canopy,Q4,3
018102,Midstory,Mic,1
018102,Midstory,Q1,1
018102,Midstory,Q2,4
018102,Midstory,Q3,2
018102,Midstory,Q4,1
018102,Canopy,Mic,5
018102,Canopy,Q1,5
018102,Canopy,Q2,5
018102,Canopy,Q3,5
018102,Canopy,Q4,5
018171,Midstory,Mic,1
018171,Midstory,Q1,3
018171,Midstory,Q2,2
018171,Midstory,Q3,2
018171,Midstory,Q4,2
018171,Canopy,Mic,5
018171,Canopy,Q1,5
018171,Canopy,Q2,5
018171,Canopy,Q3,5
018171,Canopy,Q4,5
018172,Midstory,Mic,1
018172,Midstory,Q1,1
018172,Midstory,Q2,3
018172,Midstory,Q3,3
018172,Midstory,Q4,2
018172,Canopy,Mic,5
018172,Canopy,Q1,5
018172,Canopy,Q2,5
018172,Canopy,Q3,5
018172,Canopy,Q4,5
018451,Midstory,Mic,1
018451,Midstory,Q1,1
018451,Midstory,Q2,1
018451,Midstory,Q3,1
018451,Midstory,Q4,3
018451,Canopy,Mic,3
018451,Canopy,Q1,1
018451,Canopy,Q2,1
018451,Canopy,Q3,1
018451,Canopy,Q4,3
018452,Midstory,Mic,1
018452,Midstory,Q1,5
018452,Midstory,Q2,5
018452,Midstory,Q3,1
018452,Midstory,Q4,4
018452,Canopy,Mic,1
018452,Canopy,Q1,5
018452,Canopy,Q2,3
018452,Canopy,Q3,1
018452,Canopy,Q4,5
018651,Midstory,Mic,1
018651,Midstory,Q1,3
018651,Midstory,Q2,1
018651,Midstory,Q3,1
018651,Midstory,Q4,5
018651,Canopy,Mic,1
018651,Canopy,Q1,5
018651,Canopy,Q2,1
018651,Canopy,Q3,1
018651,Canopy,Q4,5
018652,Midstory,Mic,1
018652,Midstory,Q1,1
018652,Midstory,Q2,5
018652,Midstory,Q3,5
018652,Midstory,Q4,3
018652,Canopy,Mic,1
018652,Canopy,Q1,1
018652,Canopy,Q2,5
018652,Canopy,Q3,5
018652,Canopy,Q4,5
018661,Midstory,Mic,1
018661,Midstory,Q1,5
018661,Midstory,Q2,5
018661,Midstory,Q3,1
018661,Midstory,Q4,1
018661,Canopy,Mic,1
018661,Canopy,Q1,2
018661,Canopy,Q2,3
018661,Canopy,Q3,1
018661,Canopy,Q4,1
018662,Midstory,Mic,1
018662,Midstory,Q1,5
018662,Midstory,Q2,5
018662,Midstory,Q3,1
018662,Midstory,Q4,5
018662,Canopy,Mic,1
018662,Canopy,Q1,2
018662,Canopy,Q2,2
018662,Canopy,Q3,1
018662,Canopy,Q4,1
018781,Midstory,Mic,1
018781,Midstory,Q1,1
018781,Midstory,Q2,2
018781,Midstory,Q3,2
018781,Midstory,Q4,1
018781,Canopy,Mic,1
018781,Canopy,Q1,1
018781,Canopy,Q2,1
018781,Canopy,Q3,1
018781,Canopy,Q4,2
018782,Midstory,Mic,1
018782,Midstory,Q1,1
018782,Midstory,Q2,1
018782,Midstory,Q3,5
018782,Midstory,Q4,2
018782,Canopy,Mic,1
018782,Canopy,Q1,1
018782,Canopy,Q2,1
018782,Canopy,Q3,5
018782,Canopy,Q4,1
018931,Midstory,Mic,1
018931,Midstory,Q1,1
018931,Midstory,Q2,1
018931,Midstory,Q3,5
018931,Midstory,Q4,3
018931,Canopy,Mic,1
018931,Canopy,Q1,1
018931,Canopy,Q2,1
018931,Canopy,Q3,5
018931,Canopy,Q4,1
018932,Midstory,Mic,1
018932,Midstory,Q1,4
018932,Midstory,Q2,1
018932,Midstory,Q3,1
018932,Midstory,Q4,1
018932,Canopy,Mic,1
018932,Canopy,Q1,4
018932,Canopy,Q2,1
018932,Canopy,Q3,1
018932,Canopy,Q4,1
018941,Midstory,Mic,1
018941,Midstory,Q1,4
018941,Midstory,Q2,2
018941,Midstory,Q3,5
018941,Midstory,Q4,5
018941,Canopy,Mic,1
018941,Canopy,Q1,1
018941,Canopy,Q2,1
018941,Canopy,Q3,2
018941,Canopy,Q4,2
018942,Midstory,Mic,1
018942,Midstory,Q1,5
018942,Midstory,Q2,5
018942,Midstory,Q3,5
018942,Midstory,Q4,4
018942,Canopy,Mic,5
018942,Canopy,Q1,5
018942,Canopy,Q2,1
018942,Canopy,Q3,2
018942,Canopy,Q4,5
019061,Midstory,Mic,1
019061,Midstory,Q1,4
019061,Midstory,Q2,4
019061,Midstory,Q3,2
019061,Midstory,Q4,2
019061,Canopy,Mic,1
019061,Canopy,Q1,5
019061,Canopy,Q2,5
019061,Canopy,Q3,1
019061,Canopy,Q4,5
019062,Midstory,Mic,5
019062,Midstory,Q1,3
019062,Midstory,Q2,2
019062,Midstory,Q3,1
019062,Midstory,Q4,1
019062,Canopy,Mic,5
019062,Canopy,Q1,5
019062,Canopy,Q2,5
019062,Canopy,Q3,5
019062,Canopy,Q4,1
010431,Midstory,Mic,1
010431,Midstory,Q1,1
010431,Midstory,Q2,1
010431,Midstory,Q3,1
010431,Midstory,Q4,3
010431,Canopy,Mic,4
010431,Canopy,Q1,1
010431,Canopy,Q2,2
010431,Canopy,Q3,2
010431,Canopy,Q4,5
010432,Midstory,Mic,1
010432,Midstory,Q1,2
010432,Midstory,Q2,1
010432,Midstory,Q3,1
010432,Midstory,Q4,1
010432,Canopy,Mic,1
010432,Canopy,Q1,1
010432,Canopy,Q2,1
010432,Canopy,Q3,1
010432,Canopy,Q4,1
009562,Midstory,Mic,1
009562,Midstory,Q1,1
009562,Midstory,Q2,5
009562,Midstory,Q3,1
009562,Midstory,Q4,1
009562,Canopy,Mic,1
009562,Canopy,Q1,1
009562,Canopy,Q2,1
009562,Canopy,Q3,1
009562,Canopy,Q4,1
009561,Midstory,Mic,2
009561,Midstory,Q1,2
009561,Midstory,Q2,5
009561,Midstory,Q3,2
009561,Midstory,Q4,1
009561,Canopy,Mic,1
009561,Canopy,Q1,3
009561,Canopy,Q2,3
009561,Canopy,Q3,2
009561,Canopy,Q4,1
010041,Midstory,Mic,1
010041,Midstory,Q1,2
010041,Midstory,Q2,1
010041,Midstory,Q3,1
010041,Midstory,Q4,5
010041,Canopy,Mic,5
010041,Canopy,Q1,5
010041,Canopy,Q2,5
010041,Canopy,Q3,1
010041,Canopy,Q4,4
010042,Midstory,Mic,1
010042,Midstory,Q1,1
010042,Midstory,Q2,5
010042,Midstory,Q3,5
010042,Midstory,Q4,5
010042,Canopy,Mic,5
010042,Canopy,Q1,5
010042,Canopy,Q2,5
010042,Canopy,Q3,5
010042,Canopy,Q4,5
008722,Midstory,Mic,1
008722,Midstory,Q1,5
008722,Midstory,Q2,1
008722,Midstory,Q3,1
008722,Midstory,Q4,3
008722,Canopy,Mic,1
008722,Canopy,Q1,1
008722,Canopy,Q2,1
008722,Canopy,Q3,1
008722,Canopy,Q4,4
008721,Midstory,Mic,1
008721,Midstory,Q1,5
008721,Midstory,Q2,1
008721,Midstory,Q3,1
008721,Midstory,Q4,1
008721,Canopy,Mic,1
008721,Canopy,Q1,3
008721,Canopy,Q2,1
008721,Canopy,Q3,1
008721,Canopy,Q4,1
009581,Midstory,Mic,2
009581,Midstory,Q1,1
009581,Midstory,Q2,5
009581,Midstory,Q3,5
009581,Midstory,Q4,3
009581,Canopy,Mic,1
009581,Canopy,Q1,1
009581,Canopy,Q2,1
009581,Canopy,Q3,1
009581,Canopy,Q4,1
009582,Midstory,Mic,1
009582,Midstory,Q1,5
009582,Midstory,Q2,5
009582,Midstory,Q3,5
009582,Midstory,Q4,5
009582,Canopy,Mic,2
009582,Canopy,Q1,1
009582,Canopy,Q2,5
009582,Canopy,Q3,1
009582,Canopy,Q4,1
008981,Midstory,Mic,1
008981,Midstory,Q1,2
008981,Midstory,Q2,1
008981,Midstory,Q3,2
008981,Midstory,Q4,1
008981,Canopy,Mic,5
008981,Canopy,Q1,5
008981,Canopy,Q2,1
008981,Canopy,Q3,1
008981,Canopy,Q4,5
008982,Midstory,Mic,1
008982,Midstory,Q1,1
008982,Midstory,Q2,3
008982,Midstory,Q3,1
008982,Midstory,Q4,5
008982,Canopy,Mic,4
008982,Canopy,Q1,5
008982,Canopy,Q2,5
008982,Canopy,Q3,2
008982,Canopy,Q4,5
009841,Midstory,Mic,1
009841,Midstory,Q1,3
009841,Midstory,Q2,5
009841,Midstory,Q3,1
009841,Midstory,Q4,5
009841,Canopy,Mic,5
009841,Canopy,Q1,5
009841,Canopy,Q2,1
009841,Canopy,Q3,4
009841,Canopy,Q4,5
009842,Midstory,Mic,1
009842,Midstory,Q1,3
009842,Midstory,Q2,5
009842,Midstory,Q3,5
009842,Midstory,Q4,1
009842,Canopy,Mic,5
009842,Canopy,Q1,5
009842,Canopy,Q2,5
009842,Canopy,Q3,5
009842,Canopy,Q4,2
008861,Midstory,Mic,1
008861,Midstory,Q1,2
008861,Midstory,Q2,5
008861,Midstory,Q3,1
008861,Midstory,Q4,5
008861,Canopy,Mic,5
008861,Canopy,Q1,5
008861,Canopy,Q2,5
008861,Canopy,Q3,5
008861,Canopy,Q4,5
008862,Midstory,Mic,1
008862,Midstory,Q1,3
008862,Midstory,Q2,4
008862,Midstory,Q3,3
008862,Midstory,Q4,1
008862,Canopy,Mic,2
008862,Canopy,Q1,5
008862,Canopy,Q2,5
008862,Canopy,Q3,5
008862,Canopy,Q4,5
008882,Midstory,Mic,1
008882,Midstory,Q1,1
008882,Midstory,Q2,1
008882,Midstory,Q3,4
008882,Midstory,Q4,5
008882,Canopy,Mic,5
008882,Canopy,Q1,5
008882,Canopy,Q2,5
008882,Canopy,Q3,5
008882,Canopy,Q4,5
008881,Midstory,Mic,1
008881,Midstory,Q1,2
008881,Midstory,Q2,4
008881,Midstory,Q3,1
008881,Midstory,Q4,1
008881,Canopy,Mic,5
008881,Canopy,Q1,5
008881,Canopy,Q2,5
008881,Canopy,Q3,5
008881,Canopy,Q4,2
009811,Midstory,Mic,1
009811,Midstory,Q1,1
009811,Midstory,Q2,5
009811,Midstory,Q3,5
009811,Midstory,Q4,2
009811,Canopy,Mic,1
009811,Canopy,Q1,2
009811,Canopy,Q2,4
009811,Canopy,Q3,5
009811,Canopy,Q4,5
009812,Midstory,Mic,1
009812,Midstory,Q1,1
009812,Midstory,Q2,1
009812,Midstory,Q3,5
009812,Midstory,Q4,1
009812,Canopy,Mic,3
009812,Canopy,Q1,1
009812,Canopy,Q2,3
009812,Canopy,Q3,5
009812,Canopy,Q4,1
010212,Midstory,Mic,1
010212,Midstory,Q1,5
010212,Midstory,Q2,5
010212,Midstory,Q3,1
010212,Midstory,Q4,5
010212,Canopy,Mic,5
010212,Canopy,Q1,4
010212,Canopy,Q2,1
010212,Canopy,Q3,3
010212,Canopy,Q4,3
010211,Midstory,Mic,2
010211,Midstory,Q1,2
010211,Midstory,Q2,1
010211,Midstory,Q3,2
010211,Midstory,Q4,3
010211,Canopy,Mic,5
010211,Canopy,Q1,5
010211,Canopy,Q2,1
010211,Canopy,Q3,1
010211,Canopy,Q4,4
010122,Midstory,Mic,1
010122,Midstory,Q1,5
010122,Midstory,Q2,1
010122,Midstory,Q3,1
010122,Midstory,Q4,5
010122,Canopy,Mic,3
010122,Canopy,Q1,5
010122,Canopy,Q2,5
010122,Canopy,Q3,1
010122,Canopy,Q4,4
010121,Midstory,Mic,1
010121,Midstory,Q1,5
010121,Midstory,Q2,1
010121,Midstory,Q3,1
010121,Midstory,Q4,5
010121,Canopy,Mic,1
010121,Canopy,Q1,4
010121,Canopy,Q2,1
010121,Canopy,Q3,2
010121,Canopy,Q4,5
009641,Midstory,Mic,1
009641,Midstory,Q1,1
009641,Midstory,Q2,3
009641,Midstory,Q3,4
009641,Midstory,Q4,4
009641,Canopy,Mic,2
009641,Canopy,Q1,5
009641,Canopy,Q2,5
009641,Canopy,Q3,5
009641,Canopy,Q4,3
009642,Midstory,Mic,1
009642,Midstory,Q1,1
009642,Midstory,Q2,1
009642,Midstory,Q3,2
009642,Midstory,Q4,2
009642,Canopy,Mic,3
009642,Canopy,Q1,5
009642,Canopy,Q2,5
009642,Canopy,Q3,5
009642,Canopy,Q4,5
008771,Midstory,Mic,1
008771,Midstory,Q1,5
008771,Midstory,Q2,2
008771,Midstory,Q3,2
008771,Midstory,Q4,5
008771,Canopy,Mic,1
008771,Canopy,Q1,2
008771,Canopy,Q2,2
008771,Canopy,Q3,1
008771,Canopy,Q4,1
008772,Midstory,Mic,1
008772,Midstory,Q1,5
008772,Midstory,Q2,1
008772,Midstory,Q3,1
008772,Midstory,Q4,3
008772,Canopy,Mic,1
008772,Canopy,Q1,1
008772,Canopy,Q2,5
008772,Canopy,Q3,1
008772,Canopy,Q4,1
010052,Midstory,Mic,3
010052,Midstory,Q1,5
010052,Midstory,Q2,4
010052,Midstory,Q3,1
010052,Midstory,Q4,5
010052,Canopy,Mic,5
010052,Canopy,Q1,5
010052,Canopy,Q2,5
010052,Canopy,Q3,1
010052,Canopy,Q4,5
010051,Midstory,Mic,1
010051,Midstory,Q1,1
010051,Midstory,Q2,5
010051,Midstory,Q3,5
010051,Midstory,Q4,1
010051,Canopy,Mic,3
010051,Canopy,Q1,4
010051,Canopy,Q2,5
010051,Canopy,Q3,5
010051,Canopy,Q4,5
009141,Midstory,Mic,1
009141,Midstory,Q1,1
009141,Midstory,Q2,3
009141,Midstory,Q3,1
009141,Midstory,Q4,1
009141,Canopy,Mic,1
009141,Canopy,Q1,3
009141,Canopy,Q2,5
009141,Canopy,Q3,1
009141,Canopy,Q4,1
009142,Midstory,Mic,1
009142,Midstory,Q1,1
009142,Midstory,Q2,1
009142,Midstory,Q3,5
009142,Midstory,Q4,5
009142,Canopy,Mic,5
009142,Canopy,Q1,5
009142,Canopy,Q2,2
009142,Canopy,Q3,4
009142,Canopy,Q4,5
009341,Midstory,Mic,2
009341,Midstory,Q1,5
009341,Midstory,Q2,1
009341,Midstory,Q3,4
009341,Midstory,Q4,4
009341,Canopy,Mic,5
009341,Canopy,Q1,5
009341,Canopy,Q2,5
009341,Canopy,Q3,5
009341,Canopy,Q4,4
009342,Midstory,Mic,1
009342,Midstory,Q1,4
009342,Midstory,Q2,3
009342,Midstory,Q3,5
009342,Midstory,Q4,5
009342,Canopy,Mic,5
009342,Canopy,Q1,5
009342,Canopy,Q2,4
009342,Canopy,Q3,4
009342,Canopy,Q4,5
009091,Midstory,Mic,2
009091,Midstory,Q1,1
009091,Midstory,Q2,4
009091,Midstory,Q3,1
009091,Midstory,Q4,3
009091,Canopy,Mic,5
009091,Canopy,Q1,5
009091,Canopy,Q2,4
009091,Canopy,Q3,5
009091,Canopy,Q4,5
009092,Midstory,Mic,4
009092,Midstory,Q1,1
009092,Midstory,Q2,4
009092,Midstory,Q3,4
009092,Midstory,Q4,2
009092,Canopy,Mic,5
009092,Canopy,Q1,5
009092,Canopy,Q2,4
009092,Canopy,Q3,5
009092,Canopy,Q4,5
008942,Midstory,Mic,1
008942,Midstory,Q1,1
008942,Midstory,Q2,2
008942,Midstory,Q3,2
008942,Midstory,Q4,4
008942,Canopy,Mic,5
008942,Canopy,Q1,5
008942,Canopy,Q2,5
008942,Canopy,Q3,3
008942,Canopy,Q4,5
008941,Midstory,Mic,2
008941,Midstory,Q1,5
008941,Midstory,Q2,5
008941,Midstory,Q3,4
008941,Midstory,Q4,2
008941,Canopy,Mic,3
008941,Canopy,Q1,1
008941,Canopy,Q2,3
008941,Canopy,Q3,3
008941,Canopy,Q4,5
009251,Midstory,Mic,4
009251,Midstory,Q1,5
009251,Midstory,Q2,4
009251,Midstory,Q3,2
009251,Midstory,Q4,2
009251,Canopy,Mic,4
009251,Canopy,Q1,5
009251,Canopy,Q2,5
009251,Canopy,Q3,3
009251,Canopy,Q4,3
009252,Midstory,Mic,1
009252,Midstory,Q1,1
009252,Midstory,Q2,5
009252,Midstory,Q3,1
009252,Midstory,Q4,4
009252,Canopy,Mic,1
009252,Canopy,Q1,1
009252,Canopy,Q2,1
009252,Canopy,Q3,1
009252,Canopy,Q4,1
008842,Midstory,Mic,2
008842,Midstory,Q1,2
008842,Midstory,Q2,1
008842,Midstory,Q3,1
008842,Midstory,Q4,5
008842,Canopy,Mic,5
008842,Canopy,Q1,5
008842,Canopy,Q2,1
008842,Canopy,Q3,1
008842,Canopy,Q4,4
008841,Midstory,Mic,1
008841,Midstory,Q1,1
008841,Midstory,Q2,3
008841,Midstory,Q3,1
008841,Midstory,Q4,2
008841,Canopy,Mic,5
008841,Canopy,Q1,5
008841,Canopy,Q2,5
008841,Canopy,Q3,1
008841,Canopy,Q4,5
010641,Midstory,Mic,1
010641,Midstory,Q1,2
010641,Midstory,Q2,1
010641,Midstory,Q3,4
010641,Midstory,Q4,1
010641,Canopy,Mic,5
010641,Canopy,Q1,3
010641,Canopy,Q2,5
010641,Canopy,Q3,5
010641,Canopy,Q4,5
010642,Midstory,Mic,1
010642,Midstory,Q1,5
010642,Midstory,Q2,2
010642,Midstory,Q3,5
010642,Midstory,Q4,2
010642,Canopy,Mic,5
010642,Canopy,Q1,4
010642,Canopy,Q2,5
010642,Canopy,Q3,5
010642,Canopy,Q4,5
009002,Midstory,Mic,1
009002,Midstory,Q1,1
009002,Midstory,Q2,3
009002,Midstory,Q3,1
009002,Midstory,Q4,5
009002,Canopy,Mic,1
009002,Canopy,Q1,1
009002,Canopy,Q2,1
009002,Canopy,Q3,1
009002,Canopy,Q4,5
009001,Midstory,Mic,1
009001,Midstory,Q1,1
009001,Midstory,Q2,5
009001,Midstory,Q3,1
009001,Midstory,Q4,1
009001,Canopy,Mic,1
009001,Canopy,Q1,1
009001,Canopy,Q2,5
009001,Canopy,Q3,2
009001,Canopy,Q4,1
